"0","1","4096","0","21.330865"
"0","1","4096","0","29.299452"
"0","1","4096","0","29.012003"
"0","1","4096","0","30.305533"
"0","1","4096","0","28.196794"
"0","1","8192","0","67.657921"
"0","1","8192","0","53.149260"
"0","1","8192","0","56.719738"
"0","1","8192","0","57.444183"
"0","1","8192","0","61.623568"
"0","1","16384","0","106.422991"
"0","1","16384","0","110.163853"
"0","1","16384","0","103.348084"
"0","1","16384","0","107.545481"
"0","1","16384","0","137.594998"
"0","1","32768","0","170.677732"
"0","1","32768","0","160.464997"
"0","1","32768","0","155.311627"
"0","1","32768","0","155.235225"
"0","1","32768","0","166.121850"
"0","1","65536","0","199.816380"
"0","1","65536","0","153.728548"
"0","1","65536","0","150.698445"
"0","1","65536","0","154.521372"
"0","1","65536","0","201.590359"
"0","1","131072","0","188.129540"
"0","1","131072","0","184.233101"
"0","1","131072","0","183.703590"
"0","1","131072","0","179.877662"
"0","1","131072","0","182.694382"
"0","1","262144","0","202.306651"
"0","1","262144","0","204.005805"
"0","1","262144","0","206.633792"
"0","1","262144","0","331.818870"
"0","1","262144","0","204.881256"
"0","1","524288","0","211.558053"
"0","1","524288","0","213.002115"
"0","1","524288","0","212.808494"
"0","1","524288","0","215.670982"
"0","1","524288","0","215.030326"
"0","1","1048576","0","291.837582"
"0","1","1048576","0","219.089171"
"0","1","1048576","0","221.236739"
"0","1","1048576","0","220.181955"
"0","1","1048576","0","218.753498"
"0","1","104857600","0","208.919297"
"0","1","104857600","0","223.217955"
"0","1","104857600","0","306.508969"
"0","1","104857600","0","225.778113"
"0","1","104857600","0","223.435227"
"0","0","4096","0","13.686634"
"0","0","4096","0","32.092050"
"0","0","4096","0","31.559174"
"0","0","4096","0","31.326440"
"0","0","4096","0","30.161548"
"0","0","8192","0","62.727444"
"0","0","8192","0","59.796860"
"0","0","8192","0","62.121707"
"0","0","8192","0","60.781920"
"0","0","8192","0","66.379214"
"0","0","16384","0","115.507867"
"0","0","16384","0","115.136866"
"0","0","16384","0","131.171699"
"0","0","16384","0","113.595621"
"0","0","16384","0","119.283507"
"0","0","32768","0","186.094591"
"0","0","32768","0","246.769405"
"0","0","32768","0","184.626491"
"0","0","32768","0","170.927531"
"0","0","32768","0","173.496922"
"0","0","65536","0","173.082319"
"0","0","65536","0","208.041833"
"0","0","65536","0","171.539833"
"0","0","65536","0","173.833035"
"0","0","65536","0","172.912833"
"0","0","131072","0","212.174595"
"0","0","131072","0","209.071156"
"0","0","131072","0","267.449933"
"0","0","131072","0","200.392409"
"0","0","131072","0","188.064446"
"0","0","262144","0","203.094171"
"0","0","262144","0","206.776410"
"0","0","262144","0","208.487943"
"0","0","262144","0","209.042518"
"0","0","262144","0","266.058612"
"0","0","524288","0","219.294489"
"0","0","524288","0","219.322811"
"0","0","524288","0","218.779063"
"0","0","524288","0","215.561067"
"0","0","524288","0","217.025387"
"0","0","1048576","0","283.463896"
"0","0","1048576","0","220.139118"
"0","0","1048576","0","219.684504"
"0","0","1048576","0","221.839251"
"0","0","1048576","0","222.923260"
"0","0","104857600","0","207.436876"
"0","0","104857600","0","226.739748"
"0","0","104857600","0","287.957964"
"0","0","104857600","0","227.839832"
"0","0","104857600","0","224.463547"
"1","1","4096","0","28.038609"
"1","1","4096","0","27.960582"
"1","1","4096","0","27.658301"
"1","1","4096","0","28.989771"
"1","1","4096","0","27.370381"
"1","1","8192","0","46.653521"
"1","1","8192","0","52.978600"
"1","1","8192","0","54.258569"
"1","1","8192","0","51.455326"
"1","1","8192","0","54.201153"
"1","1","16384","0","92.119857"
"1","1","16384","0","102.375246"
"1","1","16384","0","91.042996"
"1","1","16384","0","87.175066"
"1","1","16384","0","100.166870"
"1","1","32768","0","127.071962"
"1","1","32768","0","131.169817"
"1","1","32768","0","124.039932"
"1","1","32768","0","143.621253"
"1","1","32768","0","128.367017"
"1","1","65536","0","104.863903"
"1","1","65536","0","122.560108"
"1","1","65536","0","139.996339"
"1","1","65536","0","123.594908"
"1","1","65536","0","123.122472"
"1","1","131072","0","125.818295"
"1","1","131072","0","120.925067"
"1","1","131072","0","99.017321"
"1","1","131072","0","83.530208"
"1","1","131072","0","135.394843"
"1","1","262144","0","151.612489"
"1","1","262144","0","158.167359"
"1","1","262144","0","160.031231"
"1","1","262144","0","177.317522"
"1","1","262144","0","155.642142"
"1","1","524288","0","145.181937"
"1","1","524288","0","123.595668"
"1","1","524288","0","158.226699"
"1","1","524288","0","159.578364"
"1","1","524288","0","141.539491"
"1","1","1048576","0","135.006785"
"1","1","1048576","0","127.267006"
"1","1","1048576","0","167.833085"
"1","1","1048576","0","134.711300"
"1","1","1048576","0","116.408890"
"1","1","104857600","0","150.849543"
"1","1","104857600","0","173.633034"
"1","1","104857600","0","149.917968"
"1","1","104857600","0","152.820971"
"1","1","104857600","0","137.798264"
"1","0","4096","0","27.241259"
"1","0","4096","0","27.726032"
"1","0","4096","0","26.757852"
"1","0","4096","0","27.216558"
"1","0","4096","0","27.527959"
"1","0","8192","0","48.417291"
"1","0","8192","0","45.941604"
"1","0","8192","0","47.919853"
"1","0","8192","0","47.744256"
"1","0","8192","0","45.043949"
"1","0","16384","0","69.025436"
"1","0","16384","0","64.505217"
"1","0","16384","0","67.915800"
"1","0","16384","0","63.802841"
"1","0","16384","0","69.122453"
"1","0","32768","0","67.843742"
"1","0","32768","0","74.842788"
"1","0","32768","0","67.484059"
"1","0","32768","0","73.303964"
"1","0","32768","0","65.165617"
"1","0","65536","0","72.506031"
"1","0","65536","0","68.514717"
"1","0","65536","0","72.242540"
"1","0","65536","0","66.192267"
"1","0","65536","0","72.552888"
"1","0","131072","0","69.282510"
"1","0","131072","0","68.871112"
"1","0","131072","0","75.386494"
"1","0","131072","0","68.283569"
"1","0","131072","0","75.493699"
"1","0","262144","0","67.809773"
"1","0","262144","0","74.431976"
"1","0","262144","0","68.604089"
"1","0","262144","0","75.625871"
"1","0","262144","0","69.472958"
"1","0","524288","0","74.825288"
"1","0","524288","0","70.220207"
"1","0","524288","0","74.789399"
"1","0","524288","0","70.342802"
"1","0","524288","0","68.672111"
"1","0","1048576","0","74.727524"
"1","0","1048576","0","70.466887"
"1","0","1048576","0","73.731891"
"1","0","1048576","0","68.744168"
"1","0","1048576","0","75.785896"
"1","0","104857600","0","70.641388"
"1","0","104857600","0","78.523002"
"1","0","104857600","0","70.369254"
"1","0","104857600","0","77.406352"
"1","0","104857600","0","72.482944"
"4","1","4096","0","11.383603"
"4","1","4096","0","31.546912"
"4","1","4096","0","23.581765"
"4","1","4096","0","29.892528"
"4","1","4096","0","25.808881"
"4","1","8192","0","30.048077"
"4","1","8192","0","63.485899"
"4","1","8192","0","51.773706"
"4","1","8192","0","67.511755"
"4","1","8192","0","49.189815"
"4","1","16384","0","46.576363"
"4","1","16384","0","106.101458"
"4","1","16384","0","103.840891"
"4","1","16384","0","114.840035"
"4","1","16384","0","132.530872"
"4","1","32768","0","85.682029"
"4","1","32768","0","162.028212"
"4","1","32768","0","153.197318"
"4","1","32768","0","162.710567"
"4","1","32768","0","174.151778"
"4","1","65536","0","104.615385"
"4","1","65536","0","186.125953"
"4","1","65536","0","164.467319"
"4","1","65536","0","144.390841"
"4","1","65536","0","140.966533"
"4","1","131072","0","90.230672"
"4","1","131072","0","192.945022"
"4","1","131072","0","182.118141"
"4","1","131072","0","191.799986"
"4","1","131072","0","187.600697"
"4","1","262144","0","124.449130"
"4","1","262144","0","218.169685"
"4","1","262144","0","196.820766"
"4","1","262144","0","194.724122"
"4","1","262144","0","214.373085"
"4","1","524288","0","130.143541"
"4","1","524288","0","208.586398"
"4","1","524288","0","210.100910"
"4","1","524288","0","211.573046"
"4","1","524288","0","218.109504"
"4","1","1048576","0","141.824455"
"4","1","1048576","0","223.217260"
"4","1","1048576","0","226.458460"
"4","1","1048576","0","219.311167"
"4","1","1048576","0","223.316212"
"4","1","104857600","0","182.047120"
"4","1","104857600","0","320.454732"
"4","1","104857600","0","225.226071"
"4","1","104857600","0","224.138914"
"4","1","104857600","0","226.461355"
"4","0","4096","0","1.227824"
"4","0","4096","0","16.951181"
"4","0","4096","0","15.344290"
"4","0","4096","0","30.743634"
"4","0","4096","0","30.729408"
"4","0","8192","0","3.890830"
"4","0","8192","0","38.060610"
"4","0","8192","0","42.753098"
"4","0","8192","0","57.600564"
"4","0","8192","0","54.109798"
"4","0","16384","0","3.888566"
"4","0","16384","0","37.932881"
"4","0","16384","0","57.274540"
"4","0","16384","0","63.944391"
"4","0","16384","0","111.901001"
"4","0","32768","0","7.591753"
"4","0","32768","0","67.202176"
"4","0","32768","0","144.361413"
"4","0","32768","0","122.231809"
"4","0","32768","0","177.779637"
"4","0","65536","0","11.227406"
"4","0","65536","0","156.589661"
"4","0","65536","0","165.343915"
"4","0","65536","0","156.255745"
"4","0","65536","0","173.017424"
"4","0","131072","0","17.975228"
"4","0","131072","0","140.257083"
"4","0","131072","0","161.262782"
"4","0","131072","0","176.726199"
"4","0","131072","0","207.125104"
"4","0","262144","0","39.323452"
"4","0","262144","0","222.291961"
"4","0","262144","0","220.593006"
"4","0","262144","0","215.394362"
"4","0","262144","0","216.599139"
"4","0","524288","0","67.755133"
"4","0","524288","0","230.797950"
"4","0","524288","0","219.045349"
"4","0","524288","0","235.530463"
"4","0","524288","0","233.575840"
"4","0","1048576","0","80.585217"
"4","0","1048576","0","228.070355"
"4","0","1048576","0","228.622125"
"4","0","1048576","0","223.246267"
"4","0","1048576","0","226.138964"
"4","0","104857600","0","178.583122"
"4","0","104857600","0","224.880982"
"4","0","104857600","0","318.835415"
"4","0","104857600","0","225.107095"
"4","0","104857600","0","224.455695"
"5","1","4096","0","12.539536"
"5","1","4096","0","15.257036"
"5","1","4096","0","16.447368"
"5","1","4096","0","17.396359"
"5","1","4096","0","17.278670"
"5","1","8192","0","29.657232"
"5","1","8192","0","32.986650"
"5","1","8192","0","34.559589"
"5","1","8192","0","28.413649"
"5","1","8192","0","32.080314"
"5","1","16384","0","55.777206"
"5","1","16384","0","67.692406"
"5","1","16384","0","55.154693"
"5","1","16384","0","55.663244"
"5","1","16384","0","47.241119"
"5","1","32768","0","94.014069"
"5","1","32768","0","88.574882"
"5","1","32768","0","84.352175"
"5","1","32768","0","87.175911"
"5","1","32768","0","85.385944"
"5","1","65536","0","95.093191"
"5","1","65536","0","97.425670"
"5","1","65536","0","95.781123"
"5","1","65536","0","90.390914"
"5","1","65536","0","94.982680"
"5","1","131072","0","119.111011"
"5","1","131072","0","124.365371"
"5","1","131072","0","118.351434"
"5","1","131072","0","118.006386"
"5","1","131072","0","118.278971"
"5","1","262144","0","134.123346"
"5","1","262144","0","130.652648"
"5","1","262144","0","134.047200"
"5","1","262144","0","133.461037"
"5","1","262144","0","135.750220"
"5","1","524288","0","126.206385"
"5","1","524288","0","137.953420"
"5","1","524288","0","142.035960"
"5","1","524288","0","144.485335"
"5","1","524288","0","144.812106"
"5","1","1048576","0","150.931835"
"5","1","1048576","0","151.452132"
"5","1","1048576","0","151.182495"
"5","1","1048576","0","146.627887"
"5","1","1048576","0","147.792596"
"5","1","104857600","0","154.411962"
"5","1","104857600","0","167.649090"
"5","1","104857600","0","163.649277"
"5","1","104857600","0","206.505331"
"5","1","104857600","0","162.056169"
"5","0","4096","0","0.537684"
"5","0","4096","0","0.555836"
"5","0","4096","0","0.554430"
"5","0","4096","0","0.533926"
"5","0","4096","0","0.581141"
"5","0","8192","0","1.038864"
"5","0","8192","0","1.080180"
"5","0","8192","0","1.112533"
"5","0","8192","0","1.072370"
"5","0","8192","0","1.087359"
"5","0","16384","0","2.302116"
"5","0","16384","0","2.276945"
"5","0","16384","0","2.113624"
"5","0","16384","0","2.269659"
"5","0","16384","0","2.218598"
"5","0","32768","0","4.549269"
"5","0","32768","0","4.674141"
"5","0","32768","0","4.879180"
"5","0","32768","0","4.911239"
"5","0","32768","0","4.785982"
"5","0","65536","0","7.272105"
"5","0","65536","0","7.387810"
"5","0","65536","0","7.288717"
"5","0","65536","0","7.178690"
"5","0","65536","0","7.543406"
"5","0","131072","0","12.710546"
"5","0","131072","0","12.268256"
"5","0","131072","0","13.014613"
"5","0","131072","0","12.717164"
"5","0","131072","0","13.324785"
"5","0","262144","0","20.681617"
"5","0","262144","0","20.291626"
"5","0","262144","0","20.327707"
"5","0","262144","0","20.074512"
"5","0","262144","0","20.785369"
"5","0","524288","0","30.262896"
"5","0","524288","0","-723.358084"
"5","0","524288","0","29.703169"
"5","0","524288","0","29.987123"
"5","0","524288","0","28.285225"
"5","0","1048576","0","39.286625"
"5","0","1048576","0","40.276138"
"5","0","1048576","0","39.523710"
"5","0","1048576","0","39.768441"
"5","0","1048576","0","39.707939"
"5","0","104857600","0","74.548096"
"5","0","104857600","0","80.518179"
"5","0","104857600","0","73.960686"
"5","0","104857600","0","72.770247"
"5","0","104857600","0","80.924430"
"2","1","4096","4096","20.761307"
"2","1","4096","4096","26.815835"
"2","1","4096","4096","28.785836"
"2","1","4096","4096","26.740522"
"2","1","4096","4096","28.779599"
"2","1","4096","8192","20.833849"
"2","1","4096","8192","30.249668"
"2","1","4096","8192","27.196135"
"2","1","4096","8192","30.550598"
"2","1","4096","8192","27.390408"
"2","1","4096","16384","21.724058"
"2","1","4096","16384","32.771791"
"2","1","4096","16384","27.367866"
"2","1","4096","16384","27.332220"
"2","1","4096","16384","26.955868"
"2","1","4096","32768","21.815933"
"2","1","4096","32768","27.199532"
"2","1","4096","32768","39.160080"
"2","1","4096","32768","27.382341"
"2","1","4096","32768","27.096305"
"2","1","4096","65536","22.078220"
"2","1","4096","65536","26.903621"
"2","1","4096","65536","27.183966"
"2","1","4096","65536","26.961675"
"2","1","4096","65536","27.094626"
"2","1","4096","131072","21.963108"
"2","1","4096","131072","27.102245"
"2","1","4096","131072","27.014668"
"2","1","4096","131072","27.020730"
"2","1","4096","131072","27.060672"
"2","1","4096","262144","22.215948"
"2","1","4096","262144","26.866205"
"2","1","4096","262144","27.245274"
"2","1","4096","262144","27.537736"
"2","1","4096","262144","27.005601"
"2","1","4096","524288","21.480495"
"2","1","4096","524288","27.196089"
"2","1","4096","524288","27.296746"
"2","1","4096","524288","27.118948"
"2","1","4096","524288","26.950768"
"2","1","4096","1048576","21.432677"
"2","1","4096","1048576","26.983157"
"2","1","4096","1048576","27.805358"
"2","1","4096","1048576","27.697032"
"2","1","4096","1048576","27.058407"
"2","1","4096","104857600","12.350891"
"2","1","4096","104857600","31.899592"
"2","1","4096","104857600","20.306593"
"2","1","4096","104857600","30.539268"
"2","1","4096","104857600","23.051905"
"2","1","8192","4096","40.768493"
"2","1","8192","4096","54.350013"
"2","1","8192","4096","65.073522"
"2","1","8192","4096","58.176719"
"2","1","8192","4096","66.734526"
"2","1","8192","8192","28.686458"
"2","1","8192","8192","59.502204"
"2","1","8192","8192","66.858520"
"2","1","8192","8192","55.226480"
"2","1","8192","8192","56.265794"
"2","1","8192","16384","12.149849"
"2","1","8192","16384","53.373048"
"2","1","8192","16384","66.747782"
"2","1","8192","16384","53.854393"
"2","1","8192","16384","53.636721"
"2","1","8192","32768","45.710726"
"2","1","8192","32768","53.114957"
"2","1","8192","32768","52.899958"
"2","1","8192","32768","53.659459"
"2","1","8192","32768","85.455880"
"2","1","8192","65536","45.936667"
"2","1","8192","65536","53.358872"
"2","1","8192","65536","53.452162"
"2","1","8192","65536","53.557386"
"2","1","8192","65536","53.547671"
"2","1","8192","131072","46.277464"
"2","1","8192","131072","53.801929"
"2","1","8192","131072","53.580729"
"2","1","8192","131072","53.357745"
"2","1","8192","131072","53.343373"
"2","1","8192","262144","46.710599"
"2","1","8192","262144","53.133313"
"2","1","8192","262144","52.335931"
"2","1","8192","262144","54.042734"
"2","1","8192","262144","53.785083"
"2","1","8192","524288","48.304833"
"2","1","8192","524288","52.995426"
"2","1","8192","524288","52.692923"
"2","1","8192","524288","53.571644"
"2","1","8192","524288","53.416740"
"2","1","8192","1048576","45.218778"
"2","1","8192","1048576","53.795512"
"2","1","8192","1048576","53.446894"
"2","1","8192","1048576","54.880318"
"2","1","8192","1048576","54.185703"
"2","1","8192","104857600","57.291667"
"2","1","8192","104857600","55.985342"
"2","1","8192","104857600","63.235835"
"2","1","8192","104857600","52.690067"
"2","1","8192","104857600","44.969911"
"2","1","16384","4096","83.950021"
"2","1","16384","4096","128.983108"
"2","1","16384","4096","102.055284"
"2","1","16384","4096","102.606435"
"2","1","16384","4096","102.552007"
"2","1","16384","8192","100.119991"
"2","1","16384","8192","102.789969"
"2","1","16384","8192","102.997113"
"2","1","16384","8192","102.915921"
"2","1","16384","8192","127.869841"
"2","1","16384","16384","91.745615"
"2","1","16384","16384","103.417628"
"2","1","16384","16384","102.359237"
"2","1","16384","16384","102.936805"
"2","1","16384","16384","102.756075"
"2","1","16384","32768","94.312399"
"2","1","16384","32768","169.383366"
"2","1","16384","32768","102.331192"
"2","1","16384","32768","103.160436"
"2","1","16384","32768","103.064330"
"2","1","16384","65536","94.968695"
"2","1","16384","65536","103.845387"
"2","1","16384","65536","103.610590"
"2","1","16384","65536","103.084978"
"2","1","16384","65536","103.233683"
"2","1","16384","131072","90.605125"
"2","1","16384","131072","102.569424"
"2","1","16384","131072","101.231550"
"2","1","16384","131072","101.920831"
"2","1","16384","131072","101.456163"
"2","1","16384","262144","96.634327"
"2","1","16384","262144","102.742497"
"2","1","16384","262144","102.379936"
"2","1","16384","262144","101.618231"
"2","1","16384","262144","101.073362"
"2","1","16384","524288","97.607284"
"2","1","16384","524288","103.591511"
"2","1","16384","524288","103.264946"
"2","1","16384","524288","103.125221"
"2","1","16384","524288","104.022722"
"2","1","16384","1048576","97.979395"
"2","1","16384","1048576","107.044175"
"2","1","16384","1048576","105.980321"
"2","1","16384","1048576","105.453059"
"2","1","16384","1048576","101.957753"
"2","1","16384","104857600","114.354624"
"2","1","16384","104857600","122.070312"
"2","1","16384","104857600","72.034786"
"2","1","16384","104857600","123.829251"
"2","1","16384","104857600","99.695476"
"2","1","32768","4096","186.750941"
"2","1","32768","4096","161.405277"
"2","1","32768","4096","161.694871"
"2","1","32768","4096","161.100494"
"2","1","32768","4096","161.467858"
"2","1","32768","8192","201.097341"
"2","1","32768","8192","161.352192"
"2","1","32768","8192","162.845689"
"2","1","32768","8192","160.325942"
"2","1","32768","8192","160.567440"
"2","1","32768","16384","153.757481"
"2","1","32768","16384","161.575179"
"2","1","32768","16384","226.114939"
"2","1","32768","16384","161.293933"
"2","1","32768","16384","161.759459"
"2","1","32768","32768","156.436704"
"2","1","32768","32768","161.353813"
"2","1","32768","32768","161.622777"
"2","1","32768","32768","161.571831"
"2","1","32768","32768","161.346279"
"2","1","32768","65536","156.811002"
"2","1","32768","65536","161.876697"
"2","1","32768","65536","423.655520"
"2","1","32768","65536","159.680563"
"2","1","32768","65536","158.375313"
"2","1","32768","131072","157.730900"
"2","1","32768","131072","161.777158"
"2","1","32768","131072","161.464685"
"2","1","32768","131072","162.066480"
"2","1","32768","131072","162.005219"
"2","1","32768","262144","156.416312"
"2","1","32768","262144","162.200751"
"2","1","32768","262144","159.918818"
"2","1","32768","262144","162.064774"
"2","1","32768","262144","160.663085"
"2","1","32768","524288","154.030036"
"2","1","32768","524288","165.960620"
"2","1","32768","524288","162.920469"
"2","1","32768","524288","164.500141"
"2","1","32768","524288","161.092974"
"2","1","32768","1048576","154.695952"
"2","1","32768","1048576","167.020437"
"2","1","32768","1048576","160.268128"
"2","1","32768","1048576","163.333032"
"2","1","32768","1048576","162.414129"
"2","1","32768","104857600","106.821007"
"2","1","32768","104857600","108.199559"
"2","1","32768","104857600","184.712520"
"2","1","32768","104857600","167.274939"
"2","1","32768","104857600","159.735130"
"2","1","65536","4096","159.075012"
"2","1","65536","4096","155.998121"
"2","1","65536","4096","199.379710"
"2","1","65536","4096","155.599564"
"2","1","65536","4096","152.508537"
"2","1","65536","8192","149.205696"
"2","1","65536","8192","173.678186"
"2","1","65536","8192","243.997161"
"2","1","65536","8192","170.658491"
"2","1","65536","8192","179.837475"
"2","1","65536","16384","177.264898"
"2","1","65536","16384","178.391983"
"2","1","65536","16384","179.325579"
"2","1","65536","16384","170.109796"
"2","1","65536","16384","241.550373"
"2","1","65536","32768","176.118877"
"2","1","65536","32768","177.854503"
"2","1","65536","32768","178.005609"
"2","1","65536","32768","175.995531"
"2","1","65536","32768","170.194715"
"2","1","65536","65536","177.701864"
"2","1","65536","65536","181.755680"
"2","1","65536","65536","180.818239"
"2","1","65536","65536","342.296272"
"2","1","65536","65536","179.739746"
"2","1","65536","131072","159.233455"
"2","1","65536","131072","177.435530"
"2","1","65536","131072","170.521347"
"2","1","65536","131072","167.948213"
"2","1","65536","131072","170.811896"
"2","1","65536","262144","134.211454"
"2","1","65536","262144","169.665596"
"2","1","65536","262144","179.815954"
"2","1","65536","262144","179.572810"
"2","1","65536","262144","179.556539"
"2","1","65536","524288","177.906332"
"2","1","65536","524288","178.311025"
"2","1","65536","524288","180.003784"
"2","1","65536","524288","179.526466"
"2","1","65536","524288","182.122617"
"2","1","65536","1048576","177.101454"
"2","1","65536","1048576","181.493485"
"2","1","65536","1048576","183.855473"
"2","1","65536","1048576","181.139482"
"2","1","65536","1048576","182.192771"
"2","1","65536","104857600","175.248534"
"2","1","65536","104857600","171.660424"
"2","1","65536","104857600","181.350567"
"2","1","65536","104857600","188.873626"
"2","1","65536","104857600","175.921187"
"2","1","131072","4096","212.662242"
"2","1","131072","4096","290.714619"
"2","1","131072","4096","217.132106"
"2","1","131072","4096","217.780643"
"2","1","131072","4096","206.800819"
"2","1","131072","8192","201.651495"
"2","1","131072","8192","202.167228"
"2","1","131072","8192","201.797002"
"2","1","131072","8192","284.501378"
"2","1","131072","8192","198.348652"
"2","1","131072","16384","185.667273"
"2","1","131072","16384","184.739393"
"2","1","131072","16384","183.484210"
"2","1","131072","16384","185.149752"
"2","1","131072","16384","186.102732"
"2","1","131072","32768","264.437676"
"2","1","131072","32768","186.830387"
"2","1","131072","32768","185.419084"
"2","1","131072","32768","185.544257"
"2","1","131072","32768","184.945950"
"2","1","131072","65536","182.516448"
"2","1","131072","65536","186.082647"
"2","1","131072","65536","187.759607"
"2","1","131072","65536","307.815258"
"2","1","131072","65536","186.093551"
"2","1","131072","131072","187.920831"
"2","1","131072","131072","186.467513"
"2","1","131072","131072","188.494427"
"2","1","131072","131072","188.748540"
"2","1","131072","131072","187.906281"
"2","1","131072","262144","186.702272"
"2","1","131072","262144","185.874015"
"2","1","131072","262144","188.305622"
"2","1","131072","262144","187.632716"
"2","1","131072","262144","187.693103"
"2","1","131072","524288","191.375832"
"2","1","131072","524288","189.973872"
"2","1","131072","524288","-911.081988"
"2","1","131072","524288","191.153996"
"2","1","131072","524288","187.522632"
"2","1","131072","1048576","191.158749"
"2","1","131072","1048576","189.237053"
"2","1","131072","1048576","189.752282"
"2","1","131072","1048576","191.652869"
"2","1","131072","1048576","186.251844"
"2","1","131072","104857600","196.991404"
"2","1","131072","104857600","170.341923"
"2","1","131072","104857600","160.462131"
"2","1","131072","104857600","177.282104"
"2","1","131072","104857600","158.702678"
"2","1","262144","4096","235.572180"
"2","1","262144","4096","206.949612"
"2","1","262144","4096","207.441827"
"2","1","262144","4096","203.677550"
"2","1","262144","4096","203.229151"
"2","1","262144","8192","280.726149"
"2","1","262144","8192","205.662867"
"2","1","262144","8192","205.050036"
"2","1","262144","8192","206.228410"
"2","1","262144","8192","206.680927"
"2","1","262144","16384","204.240915"
"2","1","262144","16384","204.625949"
"2","1","262144","16384","284.928861"
"2","1","262144","16384","207.599791"
"2","1","262144","16384","206.255429"
"2","1","262144","32768","207.612445"
"2","1","262144","32768","205.254840"
"2","1","262144","32768","209.437184"
"2","1","262144","32768","208.443018"
"2","1","262144","32768","295.526055"
"2","1","262144","65536","204.485947"
"2","1","262144","65536","205.331969"
"2","1","262144","65536","202.798231"
"2","1","262144","65536","203.258456"
"2","1","262144","65536","206.365221"
"2","1","262144","131072","205.968961"
"2","1","262144","131072","210.485705"
"2","1","262144","131072","373.369583"
"2","1","262144","131072","208.327008"
"2","1","262144","131072","208.045742"
"2","1","262144","262144","212.605685"
"2","1","262144","262144","211.487510"
"2","1","262144","262144","211.023686"
"2","1","262144","262144","213.447060"
"2","1","262144","262144","212.220738"
"2","1","262144","524288","205.340431"
"2","1","262144","524288","209.907510"
"2","1","262144","524288","210.838075"
"2","1","262144","524288","207.456400"
"2","1","262144","524288","213.753589"
"2","1","262144","1048576","208.602746"
"2","1","262144","1048576","215.095298"
"2","1","262144","1048576","208.382674"
"2","1","262144","1048576","212.168725"
"2","1","262144","1048576","213.228004"
"2","1","262144","104857600","221.363600"
"2","1","262144","104857600","207.782395"
"2","1","262144","104857600","205.346476"
"2","1","262144","104857600","197.870197"
"2","1","262144","104857600","169.282856"
"2","1","524288","4096","300.323488"
"2","1","524288","4096","219.428192"
"2","1","524288","4096","217.052457"
"2","1","524288","4096","220.994361"
"2","1","524288","4096","216.462228"
"2","1","524288","8192","216.524039"
"2","1","524288","8192","312.135184"
"2","1","524288","8192","214.657278"
"2","1","524288","8192","217.701186"
"2","1","524288","8192","216.824043"
"2","1","524288","16384","217.027741"
"2","1","524288","16384","216.051196"
"2","1","524288","16384","218.277834"
"2","1","524288","16384","307.935632"
"2","1","524288","16384","219.610303"
"2","1","524288","32768","220.699657"
"2","1","524288","32768","220.566611"
"2","1","524288","32768","217.961030"
"2","1","524288","32768","218.357246"
"2","1","524288","32768","217.980765"
"2","1","524288","65536","221.065526"
"2","1","524288","65536","315.169973"
"2","1","524288","65536","215.975691"
"2","1","524288","65536","214.799065"
"2","1","524288","65536","215.076305"
"2","1","524288","131072","214.704059"
"2","1","524288","131072","211.695990"
"2","1","524288","131072","211.164266"
"2","1","524288","131072","218.956806"
"2","1","524288","131072","358.474868"
"2","1","524288","262144","221.994887"
"2","1","524288","262144","220.236097"
"2","1","524288","262144","218.634273"
"2","1","524288","262144","210.787214"
"2","1","524288","262144","211.008818"
"2","1","524288","524288","217.641968"
"2","1","524288","524288","218.199887"
"2","1","524288","524288","215.162777"
"2","1","524288","524288","215.054218"
"2","1","524288","524288","215.863712"
"2","1","524288","1048576","216.064617"
"2","1","524288","1048576","1579.931757"
"2","1","524288","1048576","215.135437"
"2","1","524288","1048576","224.052358"
"2","1","524288","1048576","217.090023"
"2","1","524288","104857600","214.592275"
"2","1","524288","104857600","208.443872"
"2","1","524288","104857600","207.312476"
"2","1","524288","104857600","207.484533"
"2","1","524288","104857600","236.701670"
"2","1","1048576","4096","222.921345"
"2","1","1048576","4096","221.396851"
"2","1","1048576","4096","225.293143"
"2","1","1048576","4096","222.951722"
"2","1","1048576","4096","221.356482"
"2","1","1048576","8192","309.787171"
"2","1","1048576","8192","220.625343"
"2","1","1048576","8192","220.011330"
"2","1","1048576","8192","222.076163"
"2","1","1048576","8192","223.494557"
"2","1","1048576","16384","218.739164"
"2","1","1048576","16384","225.877856"
"2","1","1048576","16384","312.481799"
"2","1","1048576","16384","224.894057"
"2","1","1048576","16384","225.306948"
"2","1","1048576","32768","225.928285"
"2","1","1048576","32768","227.873077"
"2","1","1048576","32768","224.670800"
"2","1","1048576","32768","225.612494"
"2","1","1048576","32768","223.376974"
"2","1","1048576","65536","322.301885"
"2","1","1048576","65536","225.168929"
"2","1","1048576","65536","220.206395"
"2","1","1048576","65536","218.226514"
"2","1","1048576","65536","223.554158"
"2","1","1048576","131072","219.387482"
"2","1","1048576","131072","219.898571"
"2","1","1048576","131072","324.503784"
"2","1","1048576","131072","226.289908"
"2","1","1048576","131072","224.464840"
"2","1","1048576","262144","226.454930"
"2","1","1048576","262144","226.863974"
"2","1","1048576","262144","226.165546"
"2","1","1048576","262144","225.425263"
"2","1","1048576","262144","226.633497"
"2","1","1048576","524288","223.922939"
"2","1","1048576","524288","412.279877"
"2","1","1048576","524288","220.758077"
"2","1","1048576","524288","221.928059"
"2","1","1048576","524288","220.742239"
"2","1","1048576","1048576","224.063246"
"2","1","1048576","1048576","224.519570"
"2","1","1048576","1048576","224.811787"
"2","1","1048576","1048576","227.232978"
"2","1","1048576","1048576","230.530288"
"2","1","1048576","104857600","239.307314"
"2","1","1048576","104857600","237.483538"
"2","1","1048576","104857600","210.373317"
"2","1","1048576","104857600","245.590534"
"2","1","1048576","104857600","236.462521"
"2","1","104857600","4096","230.285422"
"2","1","104857600","4096","230.905239"
"2","1","104857600","4096","332.423701"
"2","1","104857600","4096","224.910332"
"2","1","104857600","4096","225.439078"
"2","1","104857600","8192","223.866123"
"2","1","104857600","8192","225.433026"
"2","1","104857600","8192","228.671165"
"2","1","104857600","8192","298.694785"
"2","1","104857600","8192","222.266945"
"2","1","104857600","16384","227.259580"
"2","1","104857600","16384","223.888313"
"2","1","104857600","16384","223.098617"
"2","1","104857600","16384","223.210073"
"2","1","104857600","16384","222.680990"
"2","1","104857600","32768","317.188990"
"2","1","104857600","32768","222.697490"
"2","1","104857600","32768","223.656288"
"2","1","104857600","32768","223.572419"
"2","1","104857600","32768","225.261016"
"2","0","1048576001,"65536","221.447246"
"2","1","104857600","65536","315.452619"
"2","1","104857600","65536","226.720634"
"2","1","104857600","65536","225.420091"
"2","1","104857600","65536","225.439910"
"2","1","104857600","131072","223.580962"
"2","1","104857600","131072","227.716916"
"2","1","104857600","131072","226.399499"
"2","1","104857600","131072","311.836904"
"2","1","104857600","131072","225.382725"
"2","1","104857600","262144","224.452006"
"2","1","104857600","262144","225.617932"
"2","1","104857600","262144","227.759728"
"2","1","104857600","262144","221.751482"
"2","1","104857600","262144","319.111593"
"2","1","104857600","524288","225.194886"
"2","1","104857600","524288","227.475763"
"2","1","104857600","524288","227.640244"
"2","1","104857600","524288","222.208979"
"2","1","104857600","524288","225.501978"
"2","1","104857600","1048576","226.088797"
"2","1","104857600","1048576","307.927969"
"2","1","104857600","1048576","226.185634"
"2","1","104857600","1048576","225.307155"
"2","1","104857600","1048576","224.011645"
"2","1","104857600","104857600","225.889462"
"2","1","104857600","104857600","223.117988"
"2","1","104857600","104857600","227.250591"
"2","1","104857600","104857600","227.236570"
"2","1","104857600","104857600","225.655270"
"2","0","4096","4096","1.355923"
"2","0","4096","4096","27.727528"
"2","0","4096","4096","30.259440"
"2","0","4096","4096","27.970039"
"2","0","4096","4096","30.053166"
"3","1","4096","4096","19.703182"
"3","1","4096","4096","22.079243"
"3","1","4096","4096","22.160327"
"3","1","4096","4096","22.296662"
"3","1","4096","4096","22.124997"
"3","1","4096","8192","20.579809"
"3","1","4096","8192","21.562512"
"3","1","4096","8192","21.319039"
"3","1","4096","8192","21.421988"
"3","1","4096","8192","21.328052"
"3","1","4096","16384","20.131893"
"3","1","4096","16384","20.518781"
"3","1","4096","16384","20.072650"
"3","1","4096","16384","20.373960"
"3","1","4096","16384","20.457242"
"3","1","4096","32768","18.995825"
"3","1","4096","32768","19.068178"
"3","1","4096","32768","19.334372"
"3","1","4096","32768","19.323070"
"3","1","4096","32768","19.553423"
"3","1","4096","65536","18.536219"
"3","1","4096","65536","19.287347"
"3","1","4096","65536","19.041416"
"3","1","4096","65536","18.564656"
"3","1","4096","65536","19.053902"
"3","1","4096","131072","17.809599"
"3","1","4096","131072","18.257682"
"3","1","4096","131072","18.618769"
"3","1","4096","131072","18.464223"
"3","1","4096","131072","18.979555"
"3","1","4096","262144","18.305341"
"3","1","4096","262144","18.569968"
"3","1","4096","262144","18.366762"
"3","1","4096","262144","18.671827"
"3","1","4096","262144","18.518691"
"3","1","4096","524288","17.970967"
"3","1","4096","524288","18.294251"
"3","1","4096","524288","18.272951"
"3","1","4096","524288","18.227320"
"3","1","4096","524288","17.961943"
"3","1","4096","1048576","17.736967"
"3","1","4096","1048576","17.359600"
"3","1","4096","1048576","17.599448"
"3","1","4096","1048576","18.146120"
"3","1","4096","1048576","18.682312"
"3","1","4096","104857600","9.140342"
"3","1","4096","104857600","9.955688"
"3","1","4096","104857600","10.235529"
"3","1","4096","104857600","11.040275"
"3","1","4096","104857600","10.046469"
"3","1","8192","4096","40.880063"
"3","1","8192","4096","41.951133"
"3","1","8192","4096","41.553304"
"3","1","8192","4096","41.753029"
"3","1","8192","4096","41.502283"
"3","1","8192","8192","40.138610"
"3","1","8192","8192","31.789871"
"3","1","8192","8192","34.863914"
"3","1","8192","8192","40.427061"
"3","1","8192","8192","39.880334"
"3","1","8192","16384","38.999035"
"3","1","8192","16384","31.062319"
"3","1","8192","16384","34.432502"
"3","1","8192","16384","25.141948"
"3","1","8192","16384","14.121735"
"3","1","8192","32768","13.602700"
"3","1","8192","32768","16.476212"
"3","1","8192","32768","13.047645"
"3","1","8192","32768","16.450933"
"3","1","8192","32768","20.822067"
"3","1","8192","65536","22.336502"
"3","1","8192","65536","23.589013"
"3","1","8192","65536","19.659725"
"3","1","8192","65536","24.255233"
"3","1","8192","65536","26.168532"
"3","1","8192","131072","23.864105"
"3","1","8192","131072","20.069022"
"3","1","8192","131072","22.787057"
"3","1","8192","131072","26.843072"
"3","1","8192","131072","29.071174"
"3","1","8192","262144","25.197643"
"3","1","8192","262144","26.750201"
"3","1","8192","262144","28.369405"
"3","1","8192","262144","26.178623"
"3","1","8192","262144","21.971531"
"3","1","8192","524288","19.790454"
"3","1","8192","524288","24.917122"
"3","1","8192","524288","32.815376"
"3","1","8192","524288","32.024104"
"3","1","8192","524288","28.380898"
"3","1","8192","1048576","26.068752"
"3","1","8192","1048576","27.381106"
"3","1","8192","1048576","25.671695"
"3","1","8192","1048576","27.885921"
"3","1","8192","1048576","29.493060"
"3","1","8192","104857600","9.552857"
"3","1","8192","104857600","4.344666"
"3","1","8192","104857600","11.214603"
"3","1","8192","104857600","11.154920"
"3","1","8192","104857600","12.311963"
"3","1","16384","4096","31.351816"
"3","1","16384","4096","38.470304"
"3","1","16384","4096","38.058932"
"3","1","16384","4096","36.736143"
"3","1","16384","4096","45.850022"
"3","1","16384","8192","29.979667"
"3","1","16384","8192","39.496036"
"3","1","16384","8192","17.339848"
"3","1","16384","8192","20.138991"
"3","1","16384","8192","29.512619"
"3","1","16384","16384","18.333712"
"3","1","16384","16384","24.699706"
"3","1","16384","16384","30.310712"
"3","1","16384","16384","29.961965"
"3","1","16384","16384","36.429450"
"3","1","16384","32768","38.547645"
"3","1","16384","32768","37.608241"
"3","1","16384","32768","34.042056"
"3","1","16384","32768","26.990828"
"3","1","16384","32768","38.874724"
"3","1","16384","65536","35.477286"
"3","1","16384","65536","35.828317"
"3","1","16384","65536","37.754827"
"3","1","16384","65536","46.783286"
"3","1","16384","65536","42.277377"
"3","1","16384","131072","45.351430"
"3","1","16384","131072","57.304651"
"3","1","16384","131072","35.008743"
"3","1","16384","131072","46.596426"
"3","1","16384","131072","55.525855"
"3","1","16384","262144","53.405167"
"3","1","16384","262144","50.793260"
"3","1","16384","262144","48.253349"
"3","1","16384","262144","42.423094"
"3","1","16384","262144","40.887902"
"3","1","16384","524288","50.493360"
"3","1","16384","524288","53.056753"
"3","1","16384","524288","53.091611"
"3","1","16384","524288","46.783553"
"3","1","16384","524288","46.558724"
"3","1","16384","1048576","40.395470"
"3","1","16384","1048576","44.562477"
"3","1","16384","1048576","41.115740"
"3","1","16384","1048576","42.352022"
"3","1","16384","1048576","46.687233"
"3","1","16384","104857600","22.849641"
"3","1","16384","104857600","21.875398"
"3","1","16384","104857600","11.077275"
"3","1","16384","104857600","20.573977"
"3","1","16384","104857600","23.327226"
"3","1","32768","4096","46.990310"
"3","1","32768","4096","52.373056"
"3","1","32768","4096","61.991819"
"3","1","32768","4096","110.998436"
"3","1","32768","4096","112.430524"
"3","1","32768","8192","104.869423"
"3","1","32768","8192","103.119177"
"3","1","32768","8192","79.276582"
"3","1","32768","8192","108.387588"
"3","1","32768","8192","107.700141"
"3","1","32768","16384","88.851410"
"3","1","32768","16384","78.418657"
"3","1","32768","16384","98.480669"
"3","1","32768","16384","102.029295"
"3","1","32768","16384","101.149229"
"3","1","32768","32768","84.444861"
"3","1","32768","32768","72.583354"
"3","1","32768","32768","92.677819"
"3","1","32768","32768","88.644900"
"3","1","32768","32768","61.945215"
"3","1","32768","65536","73.562641"
"3","1","32768","65536","45.536112"
"3","1","32768","65536","49.394506"
"3","1","32768","65536","80.484436"
"3","1","32768","65536","89.140941"
"3","1","32768","131072","74.714566"
"3","1","32768","131072","78.699153"
"3","1","32768","131072","64.689739"
"3","1","32768","131072","82.136913"
"3","1","32768","131072","71.713085"
"3","1","32768","262144","69.916486"
"3","1","32768","262144","51.351563"
"3","1","32768","262144","43.029443"
"3","1","32768","262144","46.208530"
"3","1","32768","262144","47.004148"
"3","1","32768","524288","42.768472"
"3","1","32768","524288","53.075423"
"3","1","32768","524288","49.375856"
"3","1","32768","524288","45.081210"
"3","1","32768","524288","56.211486"
"3","1","32768","1048576","51.588146"
"3","1","32768","1048576","57.594652"
"3","1","32768","1048576","66.638714"
"3","1","32768","1048576","61.174009"
"3","1","32768","1048576","49.193640"
"3","1","32768","104857600","13.515373"
"3","1","32768","104857600","32.945179"
"3","1","32768","104857600","42.100429"
"3","1","32768","104857600","38.732394"
"3","1","32768","104857600","12.322555"
"3","1","65536","4096","51.584901"
"3","1","65536","4096","51.590752"
"3","1","65536","4096","65.150129"
"3","1","65536","4096","108.345009"
"3","1","65536","4096","108.904506"
"3","1","65536","8192","108.732930"
"3","1","65536","8192","108.669154"
"3","1","65536","8192","107.361350"
"3","1","65536","8192","111.335229"
"3","1","65536","8192","119.106985"
"3","1","65536","16384","101.031689"
"3","1","65536","16384","108.650546"
"3","1","65536","16384","111.259004"
"3","1","65536","16384","112.963493"
"3","1","65536","16384","113.614852"
"3","1","65536","32768","99.860015"
"3","1","65536","32768","83.582778"
"3","1","65536","32768","100.406044"
"3","1","65536","32768","113.261117"
"3","1","65536","32768","96.205608"
"3","1","65536","65536","102.524444"
"3","1","65536","65536","79.932582"
"3","1","65536","65536","102.811080"
"3","1","65536","65536","106.496450"
"3","1","65536","65536","103.098513"
"3","1","65536","131072","101.966356"
"3","1","65536","131072","97.548284"
"3","1","65536","131072","97.286494"
"3","1","65536","131072","98.556079"
"3","1","65536","131072","92.672676"
"3","1","65536","262144","98.221758"
"3","1","65536","262144","84.791460"
"3","1","65536","262144","79.464647"
"3","1","65536","262144","78.665782"
"3","1","65536","262144","69.335503"
"3","1","65536","524288","80.592681"
"3","1","65536","524288","84.375556"
"3","1","65536","524288","66.436732"
"3","1","65536","524288","51.821971"
"3","1","65536","524288","58.572581"
"3","1","65536","1048576","93.397386"
"3","1","65536","1048576","76.812651"
"3","1","65536","1048576","54.995911"
"3","1","65536","1048576","40.948816"
"3","1","65536","1048576","50.212434"
"3","1","65536","104857600","24.347487"
"3","1","65536","104857600","64.956538"
"3","1","65536","104857600","28.799430"
"3","1","65536","104857600","60.835324"
"3","1","65536","104857600","56.589020"
"3","1","131072","4096","59.294478"
"3","1","131072","4096","63.248359"
"3","1","131072","4096","102.812326"
"3","1","131072","4096","144.210012"
"3","1","131072","4096","135.133701"
"3","1","131072","8192","144.583824"
"3","1","131072","8192","95.954782"
"3","1","131072","8192","135.564846"
"3","1","131072","8192","103.922438"
"3","1","131072","8192","52.223475"
"3","1","131072","16384","54.075450"
"3","1","131072","16384","44.860946"
"3","1","131072","16384","58.491441"
"3","1","131072","16384","69.295719"
"3","1","131072","16384","60.246028"
"3","1","131072","32768","43.964551"
"3","1","131072","32768","45.340622"
"3","1","131072","32768","52.261655"
"3","1","131072","32768","54.079609"
"3","1","131072","32768","40.414988"
"3","1","131072","65536","51.899282"
"3","1","131072","65536","48.784318"
"3","1","131072","65536","46.595934"
"3","1","131072","65536","61.296839"
"3","1","131072","65536","128.158273"
"3","1","131072","131072","119.958521"
"3","1","131072","131072","127.066853"
"3","1","131072","131072","125.309633"
"3","1","131072","131072","124.583364"
"3","1","131072","131072","115.325861"
"3","1","131072","262144","123.108120"
"3","1","131072","262144","122.115857"
"3","1","131072","262144","121.672387"
"3","1","131072","262144","127.806119"
"3","1","131072","262144","128.460580"
"3","1","131072","524288","122.637929"
"3","1","131072","524288","123.417188"
"3","1","131072","524288","122.330523"
"3","1","131072","524288","123.834565"
"3","1","131072","524288","122.510620"
"3","1","131072","1048576","120.475618"
"3","1","131072","1048576","122.475341"
"3","1","131072","1048576","120.871656"
"3","1","131072","1048576","106.324176"
"3","1","131072","1048576","95.202305"
"3","1","131072","104857600","79.965106"
"3","1","131072","104857600","80.735130"
"3","1","131072","104857600","84.813718"
"3","1","131072","104857600","81.879354"
"3","1","131072","104857600","88.875961"
"3","1","262144","4096","135.397926"
"3","1","262144","4096","102.070505"
"3","1","262144","4096","141.497273"
"3","1","262144","4096","164.326036"
"3","1","262144","4096","148.296986"
"3","1","262144","8192","158.039206"
"3","1","262144","8192","107.336777"
"3","1","262144","8192","161.319643"
"3","1","262144","8192","163.337628"
"3","1","262144","8192","158.239195"
"3","1","262144","16384","162.298634"
"3","1","262144","16384","108.905585"
"3","1","262144","16384","146.206392"
"3","1","262144","16384","155.390762"
"3","1","262144","16384","156.574132"
"3","1","262144","32768","148.006109"
"3","1","262144","32768","91.689898"
"3","1","262144","32768","117.496019"
"3","1","262144","32768","140.909783"
"3","1","262144","32768","148.857270"
"3","1","262144","65536","115.672399"
"3","1","262144","65536","112.289248"
"3","1","262144","65536","79.659639"
"3","1","262144","65536","136.927254"
"3","1","262144","65536","156.204597"
"3","1","262144","131072","118.455640"
"3","1","262144","131072","76.765753"
"3","1","262144","131072","76.356401"
"3","1","262144","131072","92.632240"
"3","1","262144","131072","125.371271"
"3","1","262144","262144","119.175584"
"3","1","262144","262144","77.122081"
"3","1","262144","262144","135.275559"
"3","1","262144","262144","118.712773"
"3","1","262144","262144","110.643828"
"3","1","262144","524288","101.288454"
"3","1","262144","524288","86.755012"
"3","1","262144","524288","69.863360"
"3","1","262144","524288","95.203208"
"3","1","262144","524288","94.965283"
"3","1","262144","1048576","57.475712"
"3","1","262144","1048576","45.086783"
"3","1","262144","1048576","57.439091"
"3","1","262144","1048576","57.243222"
"3","1","262144","1048576","68.031139"
"3","1","262144","104857600","52.202965"
"3","1","262144","104857600","49.157178"
"3","1","262144","104857600","53.875088"
"3","1","262144","104857600","49.638093"
"3","1","262144","104857600","53.730877"
"3","1","524288","4096","55.602637"
"3","1","524288","4096","71.154249"
"3","1","524288","4096","84.309808"
"3","1","524288","4096","146.958600"
"3","1","524288","4096","169.206540"
"3","1","524288","8192","145.013061"
"3","1","524288","8192","158.223951"
"3","1","524288","8192","167.936892"
"3","1","524288","8192","165.884616"
"3","1","524288","8192","181.575677"
"3","1","524288","16384","173.558070"
"3","1","524288","16384","157.725349"
"3","1","524288","16384","180.713814"
"3","1","524288","16384","180.482089"
"3","1","524288","16384","180.257043"
"3","1","524288","32768","163.904574"
"3","1","524288","32768","132.286731"
"3","1","524288","32768","166.596474"
"3","1","524288","32768","145.931192"
"3","1","524288","32768","167.510009"
"3","1","524288","65536","154.619690"
"3","1","524288","65536","133.518318"
"3","1","524288","65536","142.666317"
"3","1","524288","65536","169.415206"
"3","1","524288","65536","157.698574"
"3","1","524288","131072","146.087832"
"3","1","524288","131072","114.714119"
"3","1","524288","131072","172.209848"
"3","1","524288","131072","163.173454"
"3","1","524288","131072","166.407258"
"3","1","524288","262144","148.469127"
"3","1","524288","262144","165.075688"
"3","1","524288","262144","159.484159"
"3","1","524288","262144","133.076844"
"3","1","524288","262144","142.909393"
"3","1","524288","524288","123.695161"
"3","1","524288","524288","97.753521"
"3","1","524288","524288","154.954066"
"3","1","524288","524288","154.263100"
"3","1","524288","524288","152.557801"
"3","1","524288","1048576","131.417321"
"3","1","524288","1048576","83.125520"
"3","1","524288","1048576","108.516668"
"3","1","524288","1048576","107.273589"
"3","1","524288","1048576","78.900868"
"3","1","524288","104857600","84.559445"
"3","1","524288","104857600","82.690602"
"3","1","524288","104857600","89.483275"
"3","1","524288","104857600","86.868623"
"3","1","524288","104857600","85.757944"
"3","1","1048576","4096","89.427153"
"3","1","1048576","4096","147.989910"
"3","1","1048576","4096","148.706183"
"3","1","1048576","4096","158.838318"
"3","1","1048576","4096","179.509792"
"3","1","1048576","8192","145.712214"
"3","1","1048576","8192","171.814978"
"3","1","1048576","8192","181.776292"
"3","1","1048576","8192","174.791522"
"3","1","1048576","8192","149.995797"
"3","1","1048576","16384","155.567609"
"3","1","1048576","16384","114.651639"
"3","1","1048576","16384","149.793874"
"3","1","1048576","16384","134.528939"
"3","1","1048576","16384","109.397411"
"3","1","1048576","32768","123.019760"
"3","1","1048576","32768","100.553622"
"3","1","1048576","32768","122.530964"
"3","1","1048576","32768","80.408635"
"3","1","1048576","32768","172.635185"
"3","1","1048576","65536","147.717436"
"3","1","1048576","65536","114.037509"
"3","1","1048576","65536","135.862710"
"3","1","1048576","65536","112.731991"
"3","1","1048576","65536","160.886115"
"3","1","1048576","131072","152.817222"
"3","1","1048576","131072","137.993003"
"3","1","1048576","131072","170.430002"
"3","1","1048576","131072","177.554846"
"3","1","1048576","131072","180.279804"
"3","1","1048576","262144","148.725099"
"3","1","1048576","262144","102.802599"
"3","1","1048576","262144","149.104627"
"3","1","1048576","262144","150.974244"
"3","1","1048576","262144","165.173492"
"3","1","1048576","524288","144.257140"
"3","1","1048576","524288","158.199921"
"3","1","1048576","524288","124.111977"
"3","1","1048576","524288","127.606617"
"3","1","1048576","524288","144.017689"
"3","1","1048576","1048576","87.614838"
"3","1","1048576","1048576","73.946967"
"3","1","1048576","1048576","78.988820"
"3","1","1048576","1048576","109.307047"
"3","1","1048576","1048576","126.529130"
"3","1","1048576","104857600","143.815289"
"3","1","1048576","104857600","132.765259"
"3","1","1048576","104857600","116.288904"
"3","1","1048576","104857600","116.552586"
"3","1","1048576","104857600","123.551083"
"3","1","104857600","4096","131.232656"
"3","1","104857600","4096","110.416380"
"3","1","104857600","4096","81.221494"
"3","1","104857600","4096","74.938649"
"3","1","104857600","4096","59.873815"
"3","1","104857600","8192","92.237239"
"3","1","104857600","8192","103.653572"
"3","1","104857600","8192","74.403136"
"3","1","104857600","8192","64.829161"
"3","1","104857600","8192","74.851960"
"3","1","104857600","16384","89.316083"
"3","1","104857600","16384","71.286401"
"3","1","104857600","16384","50.333835"
"3","1","104857600","16384","135.222132"
"3","1","104857600","16384","170.688978"
"3","1","104857600","32768","185.368213"
"3","1","104857600","32768","197.517634"
"3","1","104857600","32768","198.046184"
"3","1","104857600","32768","199.893657"
"3","1","104857600","32768","194.262098"
"3","1","104857600","65536","181.108387"
"3","1","104857600","65536","185.840508"
"3","1","104857600","65536","164.810822"
"3","1","104857600","65536","154.314255"
"3","1","104857600","65536","174.633500"
"3","1","104857600","131072","196.906879"
"3","1","104857600","131072","198.180058"
"3","1","104857600","131072","201.911033"
"3","1","104857600","131072","184.685167"
"3","1","104857600","131072","154.515823"
"3","1","104857600","262144","186.495836"
"3","1","104857600","262144","184.627635"
"3","1","104857600","262144","190.228811"
"3","1","104857600","262144","151.083772"
"3","1","104857600","262144","179.422228"
"3","1","104857600","524288","196.677122"
"3","1","104857600","524288","177.508281"
"3","1","104857600","524288","109.926536"
"3","1","104857600","524288","103.794755"
"3","1","104857600","524288","79.595291"
"3","1","104857600","1048576","125.250587"
"3","1","104857600","1048576","51.316693"
"3","1","104857600","1048576","56.036744"
"3","1","104857600","1048576","81.346699"
"3","1","104857600","1048576","75.384170"
"3","1","104857600","104857600","69.080278"
"3","1","104857600","104857600","107.453513"
"3","1","104857600","104857600","41.915145"
"3","1","104857600","104857600","38.354659"
"3","1","1048576001,"104857600","116.204528"